Material compositions joined,NdUnfilled_min_value,MendeleevNumber_composition_average,MeltingT_difference,AtomicVolume_difference,MendeleevNumber_max_value,valence_max_value,BCCenergy_pa_max_value,HeatVaporization_max_value,HeatFusion_difference,ThermalExpansionCoefficient_difference,MiracleRadius_min_value,NdUnfilled_composition_average,ICSDVolume_min_value,HeatFusion_max_value
AgAg,-0.8555,0.5841,-1.2718,-1.0479,-0.1756,-1.8341,0.9287,-1.4129,-1.0995,-0.7904,0.8746,-1.2566,0.6583,-1.078
AgCo,0.2021,0.2628,-0.5617,-0.1329,-0.1756,-1.1975,0.9287,-0.544,-0.7074,-0.368,-0.7305,-0.4932,-0.8996,-0.7337
AgCr,0.9072,-0.1502,-0.0129,-0.298,-0.1756,0.7125,0.9287,-0.7834,-0.3234,0.2118,-0.3082,0.0158,-0.6619,-0.3965
AgCu,-0.8555,0.5382,-1.1081,-0.2584,-0.1756,-1.8341,0.9287,-1.0597,-0.9154,-0.6186,-0.6461,-1.2566,-0.7148,-0.9164
AgFe,0.5546,0.1251,-0.5044,-0.2505,-0.1756,0.7125,0.9287,-0.7126,-0.8986,-0.2821,-0.7305,-0.2387,-0.7412,-0.9016
AgMn,0.9072,-0.0125,-0.8934,-0.316,-0.1756,1.3491,0.9287,-1.4129,-0.9706,-0.5899,-0.1392,0.0158,-0.6091,-0.9649
AgNi,-0.1505,0.4005,-0.615,-0.1247,-0.1756,-1.1975,0.9287,-0.5142,-0.605,-0.3967,-0.6461,-0.7476,-0.9788,-0.6438
AgSc,2.3173,-1.8941,-0.5004,0.1461,-0.1756,-1.1975,0.9287,-1.0292,-0.8754,-0.1533,0.8746,1.0337,0.6583,-0.8812
AgTi,1.9648,-0.4256,-0.3313,-0.9635,-0.1756,-0.5608,0.9287,-0.1763,-0.8714,-0.0531,0.7056,0.7792,0.6583,-0.8777
AgV,1.6122,-0.2879,-0.0089,-0.5617,-0.1756,0.0758,0.9287,-0.024,-0.2834,-0.0387,0.0298,0.5247,-0.1867,-0.3613
AgZn,-0.8555,0.7676,-0.5495,-0.7665,0.2271,-1.8341,0.9287,-1.4129,-0.7609,0.0185,0.5366,-1.2566,0.1566,-1.078
AlAl,-0.8555,1.3183,-1.2718,-1.0479,0.6299,-1.1975,0.653,-1.1284,-1.0995,-0.7904,0.6211,-1.2566,0.5527,-1.1194
AlAg,-0.8555,0.9512,-0.8702,-0.9755,0.6299,-1.1975,0.653,-1.1284,-1.0523,-0.4897,0.6211,-1.2566,0.5527,-1.078
AlAs,-0.8555,1.8231,-1.0633,-0.2759,1.7375,0.0758,0.653,-1.1284,-0.0009,-0.2392,-1.5753,-1.2566,0.5527,-0.1548
AlAu,-0.8555,0.9971,-0.7338,-0.9948,0.6299,-1.1975,0.653,-0.8901,-0.9522,-0.1533,0.6211,-1.2566,0.5527,-0.9901
AlBi,-0.8555,1.9149,-0.7535,1.795,1.9389,0.0758,0.653,-1.1284,-1.0678,-0.096,0.6211,-1.2566,0.5527,-1.0916
AlCa,-0.8555,-1.7105,-1.03,2.9168,0.6299,-1.1975,0.653,-1.1284,-0.9258,-0.7331,0.6211,-1.2566,0.5527,-1.1194
AlCd,-0.8555,1.1807,-0.8199,-0.2975,0.6299,-1.1975,0.653,-1.1284,-0.7394,-0.2392,0.6211,-1.2566,0.5527,-1.1194
AlCe,2.3173,-1.3434,-1.0886,1.6898,0.6299,-0.5608,0.653,-0.9654,-0.6794,0.491,0.6211,1.0337,0.5527,-1.1194
AlCo,0.2021,0.63,-0.1602,-0.2053,0.6299,-1.1975,0.653,-0.544,-0.6602,-0.0674,-0.7305,-0.4932,-0.8996,-0.7337
AlCr,0.9072,0.2169,0.3886,-0.3704,0.6299,0.7125,0.653,-0.7834,-0.2762,0.5124,-0.3082,0.0158,-0.6619,-0.3965
AlCu,-0.8555,0.9053,-0.7066,-0.3308,0.6299,-1.1975,0.653,-1.0597,-0.8682,-0.3179,-0.6461,-1.2566,-0.7148,-0.9164
AlEr,-0.8555,-0.4256,-0.1575,1.0654,0.6299,-1.1975,0.653,-1.1136,-0.3642,0.1903,0.6211,-1.2566,0.5527,-0.4737
AlFe,0.5546,0.4923,-0.1029,-0.3229,0.6299,0.7125,0.653,-0.7126,-0.8514,0.0185,-0.7305,-0.2387,-0.7412,-0.9016
AlGa,-0.8555,1.3642,-0.4319,-0.594,0.7306,-1.1975,0.653,-1.1284,-0.6894,-0.547,0.0298,-1.2566,0.5527,-1.1194
AlGe,-0.8555,1.5937,-0.9016,-0.1349,1.234,-0.5608,0.653,-0.8202,0.9992,0.4552,-1.6598,-1.2566,0.5527,0.7235
AlHf,1.9648,0.0334,0.8229,-0.1939,0.6299,-0.5608,0.653,1.4945,0.2199,0.4409,0.6211,0.7792,0.5527,0.0391
AlHg,-0.8555,1.2265,-0.3405,0.1587,0.6299,-1.1975,0.653,-1.1284,-0.4262,1.0636,0.6211,-1.2566,0.5527,-1.1194
AlIn,-0.8555,1.4101,-0.6008,0.3801,0.8313,-1.1975,0.653,-1.1284,-0.5059,-0.1461,0.6211,-1.2566,0.5527,-1.1194
AlIr,0.2021,0.7217,1.1332,-0.6798,0.6299,-1.1975,0.653,0.8039,1.3336,0.4051,0.1987,-0.4932,-0.1867,1.0172
AlLa,2.3173,-1.4352,-0.9261,2.1031,0.6299,-1.1975,0.653,-0.3579,-0.7386,0.491,0.6211,1.0337,0.5527,-1.1194
AlMg,-0.8555,1.0889,-1.2578,-0.0504,0.6299,-1.1975,0.653,-1.1284,-0.921,-0.6687,0.6211,-1.2566,0.5527,-1.1194
AlMn,0.9072,0.3546,-0.4918,-0.3884,0.6299,1.3491,0.653,-1.1284,-0.9234,-0.6901,-0.1392,0.0158,-0.6091,-0.9649
AlMo,0.9072,0.2628,1.3423,-0.8833,0.6299,0.7125,0.653,0.9939,1.0424,0.5196,0.4522,0.0158,0.2622,0.7614
AlNa,-0.8555,-1.94,-0.5224,2.3902,0.6299,-1.1975,0.653,-1.1284,-0.4506,2.6384,0.6211,-1.2566,0.5527,-1.1194
AlNb,1.2597,0.1251,1.1479,-0.836,0.6299,0.0758,0.653,1.7002,0.4439,0.3406,0.6211,0.2703,0.5527,0.2359
AlNd,-0.8555,-1.1598,-0.7915,1.5971,0.6299,-1.1975,0.653,-1.1284,-0.8138,0.3693,0.6211,-1.2566,0.5527,-1.1194
AlNi,-0.1505,0.7676,-0.2134,-0.1971,0.6299,-1.1975,0.653,-0.5142,-0.5578,-0.096,-0.6461,-0.7476,-0.9788,-0.6438
AlOs,0.5546,0.5841,1.8885,-0.655,0.6299,1.9858,0.653,1.2574,2.6721,0.4981,0.1142,-0.2387,-0.1867,2.1926
AlP,-0.8555,1.7772,-0.451,0.7009,1.6368,0.0758,0.653,-1.1284,-0.473,6.6471,-2.6736,-1.2566,0.5527,-0.5693
AlPb,-0.8555,1.6855,-0.8284,1.0211,1.4354,-0.5608,0.653,-1.1284,-0.6245,-0.3823,0.6211,-1.2566,0.5527,-1.1194
AlPd,-0.8555,0.8135,-0.0802,-0.7625,0.6299,-0.5608,0.653,-0.4023,-0.617,0.0185,0.6211,-1.2566,0.051,-0.6958
AlPt,-0.503,0.8594,0.204,-0.8622,0.6299,-0.5608,0.653,0.4276,-0.1822,0.2333,0.4522,-1.0021,0.1566,-0.3139
AlRe,0.9072,0.4464,2.0922,-0.7643,0.6299,1.3491,0.653,1.8206,0.7703,0.4194,0.2832,0.0158,0.051,0.5225
AlRh,-0.1505,0.6758,0.4645,-0.6161,0.6299,0.7125,0.653,0.3209,0.1711,0.2762,-0.1392,-0.7476,-0.794,-0.0037
AlRu,0.2021,0.5382,0.9574,-0.5924,0.6299,1.9858,0.653,0.8336,1.1312,0.4051,0.0298,-0.4932,-0.1339,0.8394
AlS,-0.8555,2.0067,-0.5457,0.5432,2.1402,0.7125,0.653,-1.1284,-0.3803,2.5669,-2.5891,-1.2566,0.5527,-1.1194
AlSb,-0.8555,1.869,-1.2322,0.9985,1.8382,0.0758,0.653,-1.1284,-0.373,0.0758,0.6211,-1.2566,0.5527,-0.4815
AlSc,2.3173,-1.527,-0.0989,0.2186,0.6299,-1.1975,0.653,-1.0292,-0.8282,0.1474,0.6211,1.0337,0.5527,-0.8812
AlSe,-0.8555,2.0526,-0.6864,0.5496,2.2409,0.7125,0.653,-1.1284,-0.7778,0.7773,-1.3219,-1.2566,0.5527,-1.1194
AlSi,-0.8555,1.5478,-0.2681,-0.5329,1.1333,-0.5608,0.653,-0.6453,2.0609,0.6771,-1.9977,-1.2566,0.5527,1.6558
AlSn,-0.8555,1.6396,-0.7011,0.5132,1.3347,-0.5608,0.653,-1.1284,-0.8146,-0.7116,0.6211,-1.2566,0.5527,-1.1194
AlTa,1.6122,0.171,1.8671,-0.8293,0.6299,0.0758,0.653,2.0324,0.9695,0.4122,0.6211,0.5247,0.5527,0.6975
AlTc,0.9072,0.4005,0.7216,-0.6802,0.6299,1.3491,0.653,0.3677,0.7071,0.2905,0.1987,0.0158,-0.081,0.467
AlTe,-0.8555,2.0985,-0.991,1.5652,2.3416,0.7125,0.653,-1.1284,-0.5658,-0.4826,0.5366,-1.2566,0.5527,-0.6508
AlTi,1.9648,-0.0584,0.0703,-0.8911,0.6299,-0.5608,0.653,-0.1763,-0.8242,0.2476,0.6211,0.7792,0.5527,-0.8777
AlTl,-0.8555,1.456,-0.7969,0.7651,0.932,-1.1975,0.653,-1.1284,-0.574,-0.3036,0.6211,-1.2566,0.5527,-1.1194
AlV,1.6122,0.0793,0.3926,-0.6341,0.6299,0.0758,0.653,-0.024,-0.2362,0.2619,0.0298,0.5247,-0.1867,-0.3613
AlW,1.2597,0.3087,2.4066,-0.9372,0.6299,0.7125,0.653,-0.1949,2.2289,0.5411,0.1142,0.2703,0.3414,1.8033
AlY,2.3173,-1.4811,-0.1189,1.4232,0.6299,-1.1975,0.653,-0.4023,-1.045,0.0543,0.6211,1.0337,0.5527,-1.0716
AlZn,-0.8555,1.1348,-0.951,-0.8389,0.6299,-1.1975,0.653,-1.1284,-0.8081,-0.2821,0.5366,-1.2566,0.1566,-1.1194
AlZr,1.9648,-0.0125,0.3194,-0.0438,0.6299,-0.5608,0.653,0.9946,-0.2762,0.4552,0.6211,0.7792,0.5527,-0.3965
AuAu,-0.8555,0.6758,-1.2718,-1.0479,-0.075,-1.1975,0.791,-0.8901,-1.0995,-0.7904,0.7901,-1.2566,0.6319,-0.9901
AuAg,-0.8555,0.63,-1.1354,-1.0285,-0.075,-1.1975,0.791,-0.8901,-0.9994,-0.4539,0.7901,-1.2566,0.6319,-0.9901
AuCd,-0.8555,0.8594,-0.2819,-0.3506,0.3278,-1.1975,0.791,-0.8901,-0.5922,0.3979,0.7901,-1.2566,0.6319,-0.9901
AuMo,0.9072,-0.0584,0.8044,-0.8302,-0.075,0.7125,0.791,0.9939,0.8951,-0.1175,0.4522,0.0158,0.2622,0.7614
AuNb,1.2597,-0.1961,0.6099,-0.8891,-0.075,0.0758,0.791,1.7002,0.2967,-0.2964,0.7901,0.2703,0.6319,0.2359
AuPd,-0.8555,0.4923,-0.6181,-0.7095,-0.075,-0.5608,0.791,-0.4023,-0.7642,-0.6186,0.7056,-1.2566,0.051,-0.6958
AuRh,-0.1505,0.3546,-0.0734,-0.563,-0.075,0.7125,0.791,0.3209,0.0239,-0.3609,-0.1392,-0.7476,-0.794,-0.0037
AuRu,0.2021,0.2169,0.4194,-0.5393,-0.075,1.9858,0.791,0.8336,0.984,-0.232,0.0298,-0.4932,-0.1339,0.8394
AuTc,0.9072,0.0793,0.1837,-0.6271,-0.075,1.3491,0.791,0.3677,0.5599,-0.3465,0.1987,0.0158,-0.081,0.467
AuY,2.3173,-1.8023,-0.6568,1.3701,-0.075,-1.1975,0.791,-0.4023,-1.0066,-0.5828,0.7901,1.0337,0.6319,-0.9901
AuZr,1.9648,-0.3338,-0.2186,-0.0969,-0.075,-0.5608,0.791,0.9946,-0.4234,-0.1819,0.7901,0.7792,0.6319,-0.3965
CaCa,-0.8555,-4.7394,-1.2718,-1.0479,-6.0157,-1.8341,1.1636,-2.0927,-1.0995,-0.7904,5.6899,-1.2566,7.8139,-1.2719
CaAg,-0.8555,-2.0777,-1.112,2.8443,-0.1756,-1.8341,1.1636,-1.4129,-0.8786,-0.547,0.8746,-1.2566,0.6583,-1.078
CaCd,-0.8555,-1.8482,-0.5781,2.1664,0.3278,-1.8341,1.1636,-2.0927,-0.913,-0.1819,1.9728,-1.2566,1.8465,-1.2719
CaNb,1.2597,-2.9037,0.9061,2.7049,-1.9881,0.0758,1.1636,1.7002,0.6175,0.2834,0.7901,0.2703,0.9487,0.2359
CaY,2.3173,-4.5099,-0.3607,0.4457,-5.5123,-1.1975,1.1636,-0.4023,-0.8714,-0.0029,3.8313,1.0337,4.8566,-1.0716
CaZr,1.9648,-3.0414,0.0776,1.9127,-2.2902,-0.5608,1.1636,0.9946,-0.1026,0.3979,2.0573,0.7792,2.2954,-0.3965
CuCu,-0.8555,0.4923,-1.2718,-1.0479,-0.2763,-1.8341,0.6552,-1.0597,-1.0995,-0.7904,-0.6461,-1.2566,-0.7148,-0.9164
CuAg,-0.8555,0.5382,-1.1081,-0.2584,-0.1756,-1.8341,0.6552,-1.0597,-0.9154,-0.6186,-0.6461,-1.2566,-0.7148,-0.9164
CuAl,-0.8555,0.9053,-0.7066,-0.3308,0.6299,-1.1975,0.6552,-1.0597,-0.8682,-0.3179,-0.6461,-1.2566,-0.7148,-0.9164
CuAu,-0.8555,0.5841,-1.2445,-0.2777,-0.075,-1.1975,0.6552,-0.8901,-1.0154,-0.6257,-0.6461,-1.2566,-0.7148,-0.9164
CuBi,-0.8555,1.5019,-0.1884,2.512,1.9389,0.0758,0.6552,-1.0597,-0.8999,-0.5684,-0.6461,-1.2566,-0.7148,-0.9164
CuCd,-0.8555,0.7676,-0.2547,0.4195,0.3278,-1.8341,0.6552,-1.0597,-0.5082,0.2333,-0.6461,-1.2566,-0.7148,-0.9164
CuCo,0.2021,0.2169,-0.7253,-0.9224,-0.2763,-1.1975,0.6552,-0.544,-0.8914,-0.5398,-0.7305,-0.4932,-0.8996,-0.7337
CuCr,0.9072,-0.1961,-0.1766,-1.0083,-0.2763,0.7125,0.6552,-0.7834,-0.5074,0.04,-0.6461,0.0158,-0.7148,-0.3965
CuFe,0.5546,0.0793,-0.6681,-1.04,-0.2763,0.7125,0.6552,-0.7126,-1.0827,-0.4539,-0.7305,-0.2387,-0.7412,-0.9016
CuGa,-0.8555,0.9512,0.1333,0.1231,0.7306,-1.1975,0.6552,-1.0597,-0.4582,-0.5613,-0.6461,-1.2566,-0.7148,-0.9164
CuGe,-0.8555,1.1807,-1.0768,0.5822,1.234,-0.5608,0.6552,-0.8202,0.7679,-0.0173,-1.6598,-1.2566,-0.7148,0.7235
CuHf,1.9648,-0.3797,0.2577,0.5232,-0.2763,-0.5608,0.6552,1.4945,-0.0113,-0.0316,-0.6461,0.7792,-0.7148,0.0391
CuHg,-0.8555,0.8135,0.2247,0.8758,0.4285,-1.8341,0.6552,-1.0597,-0.195,1.5361,-0.6461,-1.2566,-0.7148,-0.9164
CuIn,-0.8555,0.9971,-0.0356,1.0972,0.8313,-1.1975,0.6552,-1.0597,-0.2747,0.3263,-0.6461,-1.2566,-0.7148,-0.9164
CuIr,0.2021,0.3087,0.568,-0.6989,-0.2763,-1.1975,0.6552,0.8039,1.1024,-0.0674,-0.6461,-0.4932,-0.7148,1.0172
CuMg,-0.8555,0.6758,-0.6926,0.6667,0.1264,-1.8341,0.6552,-1.0597,-0.6898,-0.1962,-0.6461,-1.2566,-0.7148,-0.9164
CuMn,0.9072,-0.0584,-1.057,-0.9903,-0.2763,1.3491,0.6552,-1.0597,-1.0442,-0.4181,-0.6461,0.0158,-0.7148,-0.9164
CuMo,0.9072,-0.1502,0.7772,-0.4954,-0.2763,0.7125,0.6552,0.9939,0.8111,0.0472,-0.6461,0.0158,-0.7148,0.7614
CuNb,1.2597,-0.2879,0.5827,-0.119,-0.2763,0.0758,0.6552,1.7002,0.2127,-0.1318,-0.6461,0.2703,-0.7148,0.2359
CuNi,-0.1505,0.3546,-0.7786,-0.9141,-0.2763,-1.1975,0.6552,-0.5142,-0.789,-0.5684,-0.6461,-0.7476,-0.9788,-0.6438
CuOs,0.5546,0.171,1.3233,-0.7237,-0.2763,1.9858,0.6552,1.2574,2.4409,0.0257,-0.6461,-0.2387,-0.7148,2.1926
CuPb,-0.8555,1.2724,-0.2632,1.7381,1.4354,-0.5608,0.6552,-1.0597,-0.3933,0.0901,-0.6461,-1.2566,-0.7148,-0.9164
CuPd,-0.8555,0.4005,-0.6454,-0.6162,-0.2763,-0.5608,0.6552,-0.4023,-0.8482,-0.4539,-0.6461,-1.2566,-0.7148,-0.6958
CuPt,-0.503,0.4464,-0.3612,-0.5165,-0.2763,-0.5608,0.6552,0.4276,-0.4134,-0.2392,-0.6461,-1.0021,-0.7148,-0.3139
CuRe,0.9072,0.0334,1.5271,-0.6144,-0.2763,1.3491,0.6552,1.8206,0.5391,-0.0531,-0.6461,0.0158,-0.7148,0.5225
CuRh,-0.1505,0.2628,-0.1006,-0.7626,-0.2763,0.7125,0.6552,0.3209,-0.0602,-0.1962,-0.6461,-0.7476,-0.794,-0.0037
CuRu,0.2021,0.1251,0.3922,-0.7863,-0.2763,1.9858,0.6552,0.8336,0.8999,-0.0674,-0.6461,-0.4932,-0.7148,0.8394
CuS,-0.8555,1.5937,0.0195,1.2603,2.1402,0.7125,0.6552,-1.0597,-0.149,3.0393,-2.5891,-1.2566,-0.7148,-0.9164
CuSb,-0.8555,1.456,-0.667,1.7156,1.8382,0.0758,0.6552,-1.0597,-0.6042,-0.3967,-0.6461,-1.2566,-0.7148,-0.4815
CuSc,2.3173,-1.94,-0.6641,0.9356,-0.2763,-1.1975,0.6552,-1.0292,-1.0595,-0.3251,-0.6461,1.0337,-0.7148,-0.8812
CuSi,-0.8555,1.1348,-0.8332,0.1842,1.1333,-0.5608,0.6552,-0.6453,1.8296,0.2046,-1.9977,-1.2566,-0.7148,1.6558
CuSn,-0.8555,1.2265,-0.136,1.2302,1.3347,-0.5608,0.6552,-1.0597,-0.5834,-0.3967,-0.6461,-1.2566,-0.7148,-0.9164
CuTa,1.6122,-0.242,1.302,-0.1122,-0.2763,0.0758,0.6552,2.0324,0.7383,-0.0602,-0.6461,0.5247,-0.7148,0.6975
CuTc,0.9072,-0.0125,0.1564,-0.6986,-0.2763,1.3491,0.6552,0.3677,0.4759,-0.1819,-0.6461,0.0158,-0.7148,0.467
CuTi,1.9648,-0.4714,-0.4949,-0.174,-0.2763,-0.5608,0.6552,-0.1763,-1.0555,-0.2249,-0.6461,0.7792,-0.7148,-0.8777
CuTl,-0.8555,1.043,-0.2318,1.4822,0.932,-1.1975,0.6552,-1.0597,-0.3427,0.1688,-0.6461,-1.2566,-0.7148,-0.9164
CuV,1.6122,-0.3338,-0.1726,-0.7446,-0.2763,0.0758,0.6552,-0.024,-0.4674,-0.2105,-0.6461,0.5247,-0.7148,-0.3613
CuW,1.2597,-0.1043,1.8414,-0.4415,-0.2763,0.7125,0.6552,-0.1949,1.9977,0.0686,-0.6461,0.2703,-0.7148,1.8033
CuZn,-0.8555,0.7217,-0.3859,-0.5398,0.2271,-1.8341,0.6552,-1.0597,-0.5768,0.1903,-0.6461,-1.2566,-0.7148,-0.9164
CuZr,1.9648,-0.4256,-0.2458,0.6733,-0.2763,-0.5608,0.6552,0.9946,-0.5074,-0.0173,-0.6461,0.7792,-0.7148,-0.3965
FeFe,0.5546,-0.3338,-1.2718,-1.0479,-1.1826,0.7125,-0.7208,-0.7126,-1.0995,-0.7904,-0.7305,0.7792,-0.7412,-0.9016
FeAl,-0.8555,0.4923,-0.1029,-0.3229,0.6299,0.7125,-0.7208,-0.7126,-0.8514,0.0185,-0.7305,-0.2387,-0.7412,-0.9016
FeAs,-0.8555,0.9971,-0.3114,0.4491,1.7375,0.7125,-0.7208,-0.7126,-0.249,-0.5327,-1.5753,-0.2387,-0.7412,-0.1548
FeBi,-0.8555,1.0889,0.4154,2.5199,1.9389,0.7125,-0.7208,-0.7126,-0.8831,-0.6758,-0.7305,-0.2387,-0.7412,-0.9016
FeCo,0.2021,-0.1961,-1.2145,-0.9303,-0.8805,0.7125,-0.7208,-0.544,-0.9082,-0.7045,-0.7305,0.5247,-0.8996,-0.7337
FeCr,0.5546,-0.6091,-0.7803,-1.0004,-1.1826,0.7125,-0.7208,-0.7126,-0.5242,-0.2964,-0.7305,1.0337,-0.7412,-0.3965
FeGa,-0.8555,0.5382,0.737,0.131,0.7306,0.7125,-0.7208,-0.7126,-0.4414,-0.2249,-0.7305,-0.2387,-0.7412,-0.9016
FeGe,-0.8555,0.7676,-0.4731,0.5901,1.234,0.7125,-0.7208,-0.7126,0.7511,-0.3537,-1.6598,-0.2387,-0.7412,0.7235
FeIr,0.2021,-0.1043,-0.0357,-0.691,-0.6791,0.7125,-0.7208,0.8039,1.0856,-0.4038,-0.7305,0.5247,-0.7412,1.0172
FeMo,0.5546,-0.5632,0.1735,-0.4875,-1.1826,0.7125,-0.7208,0.9939,0.7943,-0.2893,-0.7305,1.0337,-0.7412,0.7614
FeNb,0.5546,-0.7009,-0.021,-0.111,-1.1826,0.7125,-0.7208,1.7002,0.1959,-0.4682,-0.7305,1.2881,-0.7412,0.2359
FeNi,-0.1505,-0.0584,-1.1612,-0.9221,-0.5784,0.7125,-0.7208,-0.5142,-0.8058,-0.6758,-0.7305,0.2703,-0.9788,-0.6438
FeP,-0.8555,0.9512,0.7178,1.4259,1.6368,0.7125,-0.7208,-0.7126,-0.721,7.4559,-2.6736,-0.2387,-0.7412,-0.5693
FePb,-0.8555,0.8594,0.3405,1.7461,1.4354,0.7125,-0.7208,-0.7126,-0.3765,0.4265,-0.7305,-0.2387,-0.7412,-0.9016
FeRh,-0.1505,-0.1502,-0.7043,-0.7547,-0.7798,0.7125,-0.7208,0.3209,-0.077,-0.5327,-0.7305,0.2703,-0.794,-0.0037
FeRu,0.2021,-0.2879,-0.2115,-0.7784,-1.0819,1.9858,-0.7208,0.8336,0.8831,-0.4038,-0.7305,0.5247,-0.7412,0.8394
FeSb,-0.8555,1.043,-0.0633,1.7235,1.8382,0.7125,-0.7208,-0.7126,-0.621,-0.7331,-0.7305,-0.2387,-0.7412,-0.4815
FeSi,-0.8555,0.7217,-1.1066,0.1921,1.1333,0.7125,-0.7208,-0.6453,1.8128,-0.1318,-1.9977,-0.2387,-0.7412,1.6558
FeSn,-0.8555,0.8135,0.4677,1.2382,1.3347,0.7125,-0.7208,-0.7126,-0.5666,-0.0602,-0.7305,-0.2387,-0.7412,-0.9016
FeTc,0.5546,-0.4256,-0.4473,-0.6907,-1.1826,1.3491,-0.7208,0.3677,0.4591,-0.5183,-0.7305,1.0337,-0.7412,0.467
FeTi,0.5546,-0.8845,-1.0986,-0.1661,-1.1826,0.7125,-0.7208,-0.1763,-1.0723,-0.5613,-0.7305,1.7971,-0.7412,-0.8777
FeV,0.5546,-0.7468,-0.7763,-0.7367,-1.1826,0.7125,-0.7208,-0.024,-0.4842,-0.547,-0.7305,1.5426,-0.7412,-0.3613
FeW,0.5546,-0.5173,1.2377,-0.4336,-1.1826,0.7125,-0.7208,-0.1949,1.9808,-0.2678,-0.7305,1.2881,-0.7412,1.8033
FeZn,-0.8555,0.3087,0.2178,-0.5319,0.2271,0.7125,-0.7208,-0.7126,-0.56,0.5268,-0.7305,-0.2387,-0.7412,-0.9016
FeCu,-0.8555,0.0793,-0.6681,-1.04,-0.2763,0.7125,-0.7208,-0.7126,-1.0827,-0.4539,-0.7305,-0.2387,-0.7412,-0.9016
FeMn,0.5546,-0.4714,-0.8828,-0.9824,-1.1826,1.3491,-0.7208,-0.7126,-1.0274,-0.0817,-0.7305,1.0337,-0.7412,-0.9016
FeAg,-0.8555,0.1251,-0.5044,-0.2505,-0.1756,0.7125,-0.7208,-0.7126,-0.8986,-0.2821,-0.7305,-0.2387,-0.7412,-0.9016
FeAu,-0.8555,0.171,-0.6408,-0.2698,-0.075,0.7125,-0.7208,-0.7126,-0.9986,-0.6186,-0.7305,-0.2387,-0.7412,-0.9016
FeCd,-0.8555,0.3546,0.349,0.4274,0.3278,0.7125,-0.7208,-0.7126,-0.4914,0.5697,-0.7305,-0.2387,-0.7412,-0.9016
FeHf,0.5546,-0.7927,-0.346,0.5311,-1.1826,0.7125,-0.7208,1.4945,-0.0281,-0.368,-0.7305,1.7971,-0.7412,0.0391
FeHg,-0.8555,0.4005,0.8284,0.8837,0.4285,0.7125,-0.7208,-0.7126,-0.1782,1.8725,-0.7305,-0.2387,-0.7412,-0.9016
FeIn,-0.8555,0.5841,0.5681,1.1051,0.8313,0.7125,-0.7208,-0.7126,-0.2579,0.6628,-0.7305,-0.2387,-0.7412,-0.9016
FeOs,0.5546,-0.242,0.7196,-0.7158,-0.9812,1.9858,-0.7208,1.2574,2.4241,-0.3108,-0.7305,0.7792,-0.7412,2.1926
FePd,-0.8555,-0.0125,-1.2491,-0.6083,-0.4777,0.7125,-0.7208,-0.4023,-0.865,-0.7904,-0.7305,-0.2387,-0.7412,-0.6958
FePt,-0.503,0.0334,-0.9649,-0.5086,-0.377,0.7125,-0.7208,0.4276,-0.4302,-0.5756,-0.7305,0.0158,-0.7412,-0.3139
FeSc,0.5546,-2.353,-1.2678,0.9436,-1.1826,0.7125,-0.7208,-0.7126,-1.0763,-0.6615,-0.7305,2.0515,-0.7412,-0.8812
FeTa,0.5546,-0.655,0.6983,-0.1043,-1.1826,0.7125,-0.7208,2.0324,0.7215,-0.3967,-0.7305,1.5426,-0.7412,0.6975
FeTl,-0.8555,0.63,0.3719,1.4901,0.932,0.7125,-0.7208,-0.7126,-0.3259,0.5053,-0.7305,-0.2387,-0.7412,-0.9016
FeZr,0.5546,-0.8386,-0.8495,0.6812,-1.1826,0.7125,-0.7208,0.9946,-0.5242,-0.3537,-0.7305,1.7971,-0.7412,-0.3965
FeRe,0.5546,-0.3797,0.9234,-0.6065,-1.1826,1.3491,-0.7208,1.8206,0.5223,-0.3895,-0.7305,1.0337,-0.7412,0.5225
IrIr,0.2021,0.1251,-1.2718,-1.0479,-0.6791,-1.1975,-0.7035,0.8039,-1.0995,-0.7904,0.1987,0.2703,-0.1867,1.0172
IrAg,-0.8555,0.3546,0.7317,-0.6074,-0.1756,-1.1975,-0.7035,0.8039,1.2864,0.1044,0.1987,-0.4932,-0.1867,1.0172
IrCd,-0.8555,0.5841,1.5851,0.0706,0.3278,-1.1975,-0.7035,0.8039,1.6936,0.9563,0.1987,-0.4932,-0.1867,1.0172
IrMo,0.2021,-0.3338,-1.0626,-0.8444,-0.6791,0.7125,-0.7035,0.9939,-0.8082,-0.6758,0.1987,0.7792,-0.1867,1.0172
IrNb,0.2021,-0.4714,-1.2571,-0.4679,-0.6791,0.0758,-0.7035,1.7002,-0.2098,-0.7259,0.1987,1.0337,-0.1867,1.0172
IrPd,-0.8555,0.2169,-0.0584,-0.9651,-0.4777,-0.5608,-0.7035,0.8039,0.8511,-0.4038,0.1987,-0.4932,-0.1867,1.0172
IrRh,-0.1505,0.0793,-0.6031,-0.9842,-0.6791,0.7125,-0.7035,0.8039,0.0631,-0.6615,-0.1392,0.0158,-0.794,1.0172
IrRu,0.2021,-0.0584,-1.0959,-0.9605,-0.6791,1.9858,-0.7035,0.8336,-0.897,-0.7904,0.0298,0.2703,-0.1867,1.0172
IrTc,0.2021,-0.1961,-0.8602,-1.0475,-0.6791,1.3491,-0.7035,0.8039,-0.473,-0.6758,0.1987,0.7792,-0.1867,1.0172
IrY,0.2021,-2.0777,-0.0197,1.7913,-0.6791,-1.1975,-0.7035,0.8039,1.2792,-0.4396,0.1987,1.7971,-0.1867,1.0172
IrZr,0.2021,-0.6091,-0.4579,0.3243,-0.6791,-0.5608,-0.7035,0.9946,0.5103,-0.7402,0.1987,1.5426,-0.1867,1.0172
MgMg,-0.8555,0.8594,-1.2718,-1.0479,0.1264,-1.8341,1.2862,-2.2845,-1.0995,-0.7904,2.2262,-1.2566,2.3482,-1.2761
MgAg,-0.8555,0.7217,-0.8563,-0.1228,0.1264,-1.8341,1.2862,-1.4129,-0.8738,-0.368,0.8746,-1.2566,0.6583,-1.078
MgAl,-0.8555,1.0889,-1.2578,-0.0504,0.6299,-1.1975,1.2862,-1.1284,-0.921,-0.6687,0.6211,-1.2566,0.5527,-1.1194
MgAu,-0.8555,0.7676,-0.7199,-0.1035,0.1264,-1.1975,1.2862,-0.8901,-0.7738,-0.0316,0.7901,-1.2566,0.6319,-0.9901
MgBe,-0.8555,0.8135,-0.4233,1.2283,0.1264,-1.8341,1.2862,-1.0845,-1.0527,0.176,-1.8288,-1.2566,-1.6917,-1.2761
MgBi,-0.8555,1.6855,-0.7675,0.7975,1.9389,0.0758,1.2862,-1.9203,-0.8894,0.0257,2.2262,-1.2566,2.3482,-1.0916
MgCa,-0.8555,-1.94,-1.016,1.9193,0.1264,-1.8341,1.2862,-2.0927,-1.0947,-0.6114,2.2262,-1.2566,2.3482,-1.2719
MgCd,-0.8555,0.9512,-0.8338,-0.8007,0.3278,-1.8341,1.2862,-2.2845,-0.9178,-0.3609,1.9728,-1.2566,1.8465,-1.2761
MgCe,2.3173,-1.5728,-1.0746,0.6923,0.1264,-0.5608,1.2862,-0.9654,-0.8578,0.6127,2.2262,1.0337,2.3482,-1.2761
MgCo,0.2021,0.4005,-0.1462,0.7922,0.1264,-1.1975,1.2862,-0.544,-0.4818,0.0543,-0.7305,-0.4932,-0.8996,-0.7337
MgCr,0.9072,-0.0125,0.4026,0.6271,0.1264,0.7125,1.2862,-0.7834,-0.0978,0.6341,-0.3082,0.0158,-0.6619,-0.3965
MgCu,-0.8555,0.6758,-0.6926,0.6667,0.1264,-1.8341,1.2862,-1.0597,-0.6898,-0.1962,-0.6461,-1.2566,-0.7148,-0.9164
MgFe,0.5546,0.2628,-0.0889,0.6746,0.1264,0.7125,1.2862,-0.7126,-0.673,0.1402,-0.7305,-0.2387,-0.7412,-0.9016
MgGa,-0.8555,1.1348,-0.4458,-0.5043,0.7306,-1.1975,1.2862,-1.3745,-0.8678,-0.4253,0.0298,-1.2566,1.3448,-1.2761
MgGd,2.3173,-1.0221,-0.3886,0.4312,0.1264,-1.1975,1.2862,-0.9803,-1.0042,1.1281,2.2262,1.0337,2.3482,-1.1925
MgHf,1.9648,-0.1961,0.8368,-0.9044,0.1264,-0.5608,1.2862,1.4945,0.3983,0.5626,2.0573,0.7792,2.0841,0.0391
MgHg,-0.8555,0.9971,-0.3544,-0.8388,0.4285,-1.8341,1.2862,-2.2845,-0.6046,0.9419,1.5504,-1.2566,2.3482,-1.2761
MgIn,-0.8555,1.1807,-0.6148,-0.6174,0.8313,-1.1975,1.2862,-1.585,-0.6843,-0.2678,1.8038,-1.2566,2.3482,-1.2761
MgIr,0.2021,0.4923,1.1472,0.3177,0.1264,-1.1975,1.2862,0.8039,1.512,0.5268,0.1987,-0.4932,-0.1867,1.0172
MgK,-0.8555,-2.1235,-0.4906,6.8724,0.1264,-1.8341,1.2862,-2.2845,-0.6078,3.3042,2.2262,-1.2566,2.3482,-1.2761
MgLa,2.3173,-1.6646,-0.9121,1.1056,0.1264,-1.1975,1.2862,-0.3579,-0.917,0.6127,2.2262,1.0337,2.3482,-1.2761
MgLi,-0.8555,-2.2153,-0.6466,-0.7953,0.1264,-1.8341,1.2862,-2.1463,-0.661,0.7272,1.5504,-1.2566,1.8729,-1.2761
MgMn,0.9072,0.1251,-0.4779,0.6091,0.1264,1.3491,1.2862,-1.6318,-0.745,-0.5684,-0.1392,0.0158,-0.6091,-0.9649
MgMo,0.9072,0.0334,1.3563,0.1142,0.1264,0.7125,1.2862,0.9939,1.2208,0.6413,0.4522,0.0158,0.2622,0.7614
MgNa,-0.8555,-2.1694,-0.5363,1.3927,0.1264,-1.8341,1.2862,-2.2845,-0.629,2.5168,2.2262,-1.2566,2.3482,-1.2761
MgNb,1.2597,-0.1043,1.1618,-0.2622,0.1264,0.0758,1.2862,1.7002,0.6223,0.4623,0.7901,0.2703,0.9487,0.2359
MgNd,-0.8555,-1.3893,-0.7776,0.5996,0.1264,-1.1975,1.2862,-1.1788,-0.9922,0.491,2.2262,-1.2566,2.3482,-1.2761
MgNi,-0.1505,0.5382,-0.1995,0.8004,0.1264,-1.1975,1.2862,-0.5142,-0.3794,0.0257,-0.6461,-0.7476,-0.9788,-0.6438
MgOs,0.5546,0.3546,1.9024,0.3425,0.1264,1.9858,1.2862,1.2574,2.8505,0.6198,0.1142,-0.2387,-0.1867,2.1926
MgPd,-0.8555,0.5841,-0.0662,0.235,0.1264,-0.5608,1.2862,-0.4023,-0.4386,0.1402,0.7056,-1.2566,0.051,-0.6958
MgPr,-0.8555,-1.4811,-0.8975,0.7607,0.1264,-1.1975,1.2862,-0.8321,-0.9722,0.5983,2.2262,-1.2566,2.3482,-1.2761
MgPt,-0.503,0.63,0.2179,0.1353,0.1264,-0.5608,1.2862,0.4276,-0.0037,0.355,0.4522,-1.0021,0.1566,-0.3139
MgRe,0.9072,0.2169,2.1062,0.2332,0.1264,1.3491,1.2862,1.8206,0.9487,0.5411,0.2832,0.0158,0.051,0.5225
MgRh,-0.1505,0.4464,0.4785,0.3814,0.1264,0.7125,1.2862,0.3209,0.3495,0.3979,-0.1392,-0.7476,-0.794,-0.0037
MgRu,0.2021,0.3087,0.9713,0.4051,0.1264,1.9858,1.2862,0.8336,1.3096,0.5268,0.0298,-0.4932,-0.1339,0.8394
MgSb,-0.8555,1.6396,-1.2462,0.001,1.8382,0.0758,1.2862,-2.2845,-0.1946,0.1975,1.8038,-1.2566,2.3482,-0.4815
MgSc,2.3173,-1.7564,-0.0849,-0.7789,0.1264,-1.1975,1.2862,-1.0292,-0.6498,0.2691,2.2262,1.0337,2.3482,-0.8812
MgSe,-0.8555,1.8231,-0.7003,-0.4479,2.2409,0.7125,1.2862,-2.2845,-0.9562,0.6556,-1.3219,-1.2566,2.3482,-1.2761
MgSi,-0.8555,1.3183,-0.2541,-0.5654,1.1333,-0.5608,1.2862,-0.6453,2.2393,0.7988,-1.9977,-1.2566,1.4504,1.6558
MgSn,-0.8555,1.4101,-0.7151,-0.4843,1.3347,-0.5608,1.2862,-1.1314,-0.993,-0.5899,1.8038,-1.2566,2.3482,-1.2761
MgSr,-0.8555,-1.8941,-1.1026,3.7834,0.1264,-1.8341,1.2862,-2.2186,-1.0154,-0.6257,2.2262,-1.2566,2.3482,-1.2761
MgTa,1.6122,-0.0584,1.8811,-0.269,0.1264,0.0758,1.2862,2.0324,1.148,0.5339,0.959,0.5247,0.8167,0.6975
MgTc,0.9072,0.171,0.7356,0.3174,0.1264,1.3491,1.2862,0.3677,0.8855,0.4122,0.1987,0.0158,-0.081,0.467
MgTh,1.9648,-1.527,0.1934,0.4035,0.1264,-0.5608,1.2862,0.6647,-0.673,0.1975,2.2262,0.7792,2.3482,-0.9016
MgTi,1.9648,-0.2879,0.0842,-0.2072,0.1264,-0.5608,1.2862,-0.1763,-0.6458,0.3693,0.7056,0.7792,0.8167,-0.8777
MgV,1.6122,-0.1502,0.4066,0.3634,0.1264,0.0758,1.2862,-0.024,-0.0578,0.3836,0.0298,0.5247,-0.1867,-0.3613
MgW,1.2597,0.0793,2.4205,0.0603,0.1264,0.7125,1.2862,-0.1949,2.4073,0.6628,0.1142,0.2703,0.3414,1.8033
MgY,2.3173,-1.7105,-0.1049,0.4257,0.1264,-1.1975,1.2862,-0.4023,-0.8666,0.176,2.2262,1.0337,2.3482,-1.0716
MgZn,-0.8555,0.9053,-0.965,0.1586,0.2271,-1.8341,1.2862,-2.2845,-0.9865,-0.4038,0.5366,-1.2566,0.1566,-1.2761
MgZr,1.9648,-0.242,0.3333,-1.0413,0.1264,-0.5608,1.2862,0.9946,-0.0978,0.5769,2.0573,0.7792,2.2954,-0.3965
MoMo,0.9072,-0.7927,-1.2718,-1.0479,-1.686,0.7125,-1.4797,0.9939,-1.0995,-0.7904,0.4522,1.2881,0.2622,0.7614
MoAg,-0.8555,-0.1043,0.9408,-0.8109,-0.1756,0.7125,-1.4797,0.9939,0.9952,0.219,0.4522,0.0158,0.2622,0.7614
MoBi,-0.8555,0.8594,1.8606,1.9595,1.9389,0.7125,-1.4797,0.9939,1.0107,-0.1747,0.4522,0.0158,0.2622,0.7614
MoCd,-0.8555,0.1251,1.7942,-0.133,0.3278,0.7125,-1.4797,0.9939,1.4024,1.0708,0.4522,0.0158,0.2622,0.7614
MoCo,0.2021,-0.4256,0.2307,-0.3699,-0.8805,0.7125,-1.4797,0.9939,0.6031,-0.2034,-0.7305,0.7792,-0.8996,0.7614
MoCr,0.9072,-0.8386,-0.3181,-0.535,-1.686,0.7125,-1.4797,0.9939,0.2191,-0.7832,-0.3082,1.2881,-0.6619,0.7614
MoCu,-0.8555,-0.1502,0.7772,-0.4954,-0.2763,0.7125,-1.4797,0.9939,0.8111,0.0472,-0.6461,0.0158,-0.7148,0.7614
MoFe,0.5546,-0.5632,0.1735,-0.4875,-1.1826,0.7125,-1.4797,0.9939,0.7943,-0.2893,-0.7305,1.0337,-0.7412,0.7614
MoGa,-0.8555,0.3087,2.1822,-0.4294,0.7306,0.7125,-1.4797,0.9939,1.4524,0.2762,0.0298,0.0158,0.2622,0.7614
MoIn,-0.8555,0.3546,2.0133,0.5447,0.8313,0.7125,-1.4797,0.9939,1.6359,1.1638,0.4522,0.0158,0.2622,0.7614
MoMg,-0.8555,0.0334,1.3563,0.1142,0.1264,0.7125,-1.4797,0.9939,1.2208,0.6413,0.4522,0.0158,0.2622,0.7614
MoMn,0.9072,-0.7009,0.5624,-0.553,-1.4846,1.3491,-1.4797,0.9939,0.8663,0.4194,-0.1392,1.2881,-0.6091,0.7614
MoNi,-0.1505,-0.2879,0.284,-0.3617,-0.5784,0.7125,-1.4797,0.9939,0.5007,-0.1747,-0.6461,0.5247,-0.9788,0.7614
MoPd,-0.8555,-0.242,0.1507,-0.9271,-0.4777,0.7125,-1.4797,0.9939,0.5599,-0.2893,0.4522,0.0158,0.051,0.7614
MoTc,0.9072,-0.655,-0.6511,-0.8447,-1.3839,1.3491,-1.4797,0.9939,-0.7642,-0.5613,0.1987,1.2881,-0.081,0.7614
MoW,0.9072,-0.7468,-0.2075,-0.994,-1.5853,0.7125,-1.4797,0.9939,0.0871,-0.7689,0.1142,1.5426,0.2622,1.8033
MoY,0.9072,-2.5366,0.1894,1.5878,-1.686,0.7125,-1.4797,0.9939,0.988,-0.3251,0.4522,2.306,0.2622,0.7614
MoZn,-0.8555,0.0793,1.6631,-1.0035,0.2271,0.7125,-1.4797,0.9939,1.3337,1.0278,0.4522,0.0158,0.1566,0.7614
MoAs,-0.8555,0.7676,1.1338,-0.1113,1.7375,0.7125,-1.4797,0.9939,-0.0562,-0.0316,-1.5753,0.0158,0.2622,0.7614
MoGe,-0.8555,0.5382,0.9721,0.0297,1.234,0.7125,-1.4797,0.9939,-1.0563,-0.7259,-1.6598,0.0158,0.2622,0.7614
MoOs,0.5546,-0.4714,-0.7256,-0.8196,-0.9812,1.9858,-1.4797,1.2574,0.5303,-0.7689,0.1142,1.0337,-0.1867,2.1926
MoP,-0.8555,0.7217,2.1631,0.8655,1.6368,0.7125,-1.4797,0.9939,0.4159,7.957,-2.6736,0.0158,0.2622,0.7614
MoPb,-0.8555,0.63,1.7857,1.1857,1.4354,0.7125,-1.4797,0.9939,1.5173,0.9276,0.4522,0.0158,0.2622,0.7614
MoPt,-0.503,-0.1961,-0.1334,-1.0268,-0.377,0.7125,-1.4797,0.9939,0.1251,-0.504,0.4522,0.2703,0.1566,0.7614
MoRu,0.2021,-0.5173,-0.8868,-0.757,-1.0819,1.9858,-1.4797,0.9939,-1.0106,-0.6758,0.0298,0.7792,-0.1339,0.8394
MoSb,-0.8555,0.8135,1.3819,1.1631,1.8382,0.7125,-1.4797,0.9939,0.3159,-0.3465,0.4522,0.0158,0.2622,0.7614
MoSc,0.9072,-2.5825,0.1695,0.3832,-1.686,0.7125,-1.4797,0.9939,0.7711,-0.4181,0.4522,2.306,0.2622,0.7614
MoSi,-0.8555,0.4923,0.3386,-0.3683,1.1333,0.7125,-1.4797,0.9939,-0.081,-0.6329,-1.9977,0.0158,0.2622,1.6558
MoSn,-0.8555,0.5841,1.9129,0.6778,1.3347,0.7125,-1.4797,0.9939,1.3272,0.4409,0.4522,0.0158,0.2622,0.7614
MoTi,0.9072,-1.1139,0.0003,-0.7265,-1.686,0.7125,-1.4797,0.9939,0.7671,-0.5183,0.4522,2.0515,0.2622,0.7614
MoTl,-0.8555,0.4005,1.8172,0.9297,0.932,0.7125,-1.4797,0.9939,1.5678,1.0064,0.4522,0.0158,0.2622,0.7614
MoZr,0.9072,-1.068,-0.2488,0.1208,-1.686,0.7125,-1.4797,0.9946,0.2191,-0.7259,0.4522,2.0515,0.2622,0.7614
NiNi,-0.1505,0.2169,-1.2718,-1.0479,-0.5784,-1.1975,0.1228,-0.5142,-1.0995,-0.7904,-0.6461,-0.2387,-0.9788,-0.6438
NiAg,-0.8555,0.4005,-0.615,-0.1247,-0.1756,-1.1975,0.1228,-0.5142,-0.605,-0.3967,-0.6461,-0.7476,-0.9788,-0.6438
NiAl,-0.8555,0.7676,-0.2134,-0.1971,0.6299,-1.1975,0.1228,-0.5142,-0.5578,-0.096,-0.6461,-0.7476,-0.9788,-0.6438
NiAu,-0.8555,0.4464,-0.7514,-0.144,-0.075,-1.1975,0.1228,-0.5142,-0.705,-0.7331,-0.6461,-0.7476,-0.9788,-0.6438
NiBi,-0.8555,1.3642,0.3048,2.6458,1.9389,0.0758,0.1228,-0.5142,-0.5895,-0.7904,-0.6461,-0.7476,-0.9788,-0.6438
NiCd,-0.8555,0.63,0.2384,0.5533,0.3278,-1.1975,0.1228,-0.5142,-0.1978,0.4552,-0.6461,-0.7476,-0.9788,-0.6438
NiCr,-0.1505,-0.3338,-0.6697,-0.8746,-0.5784,0.7125,0.1228,-0.5142,-0.8178,-0.1819,-0.6461,0.5247,-0.9788,-0.3965
NiCu,-0.8555,0.3546,-0.7786,-0.9141,-0.2763,-1.1975,0.1228,-0.5142,-0.789,-0.5684,-0.6461,-0.7476,-0.9788,-0.6438
NiFe,-0.1505,-0.0584,-1.1612,-0.9221,-0.5784,0.7125,0.1228,-0.5142,-0.8058,-0.6758,-0.7305,0.2703,-0.9788,-0.6438
NiGa,-0.8555,0.8135,0.6265,0.2569,0.7306,-1.1975,0.1228,-0.5142,-0.1478,-0.3394,-0.6461,-0.7476,-0.9788,-0.6438
NiGe,-0.8555,1.043,-0.5837,0.716,1.234,-0.5608,0.1228,-0.5142,0.4575,-0.2392,-1.6598,-0.7476,-0.9788,0.7235
NiHf,-0.1505,-0.5173,-0.2355,0.6569,-0.5784,-0.5608,0.1228,1.4945,-0.3218,-0.2535,-0.6461,1.2881,-0.9788,0.0391
NiHg,-0.8555,0.6758,0.7178,1.0096,0.4285,-1.1975,0.1228,-0.5142,0.1155,1.758,-0.6461,-0.7476,-0.9788,-0.6438
NiIn,-0.8555,0.8594,0.4575,1.2309,0.8313,-1.1975,0.1228,-0.5142,0.0358,0.5482,-0.6461,-0.7476,-0.9788,-0.6438
NiIr,-0.1505,0.171,0.0749,-0.5652,-0.5784,-1.1975,0.1228,0.8039,0.7919,-0.2893,-0.6461,0.0158,-0.9788,1.0172
NiMg,-0.8555,0.5382,-0.1995,0.8004,0.1264,-1.1975,0.1228,-0.5142,-0.3794,0.0257,-0.6461,-0.7476,-0.9788,-0.6438
NiMn,-0.1505,-0.1961,-0.9934,-0.8565,-0.5784,1.3491,0.1228,-0.5142,-0.7338,-0.1962,-0.6461,0.5247,-0.9788,-0.6438
NiMo,-0.1505,-0.2879,0.284,-0.3617,-0.5784,0.7125,0.1228,0.9939,0.5007,-0.1747,-0.6461,0.5247,-0.9788,0.7614
NiNb,-0.1505,-0.4256,0.0895,0.0148,-0.5784,0.0758,0.1228,1.7002,-0.0978,-0.3537,-0.6461,0.7792,-0.9788,0.2359
NiOs,-0.1505,0.0334,0.8301,-0.59,-0.5784,1.9858,0.1228,1.2574,2.1305,-0.1962,-0.6461,0.2703,-0.9788,2.1926
NiPb,-0.8555,1.1348,0.2299,1.8719,1.4354,-0.5608,0.1228,-0.5142,-0.0829,0.312,-0.6461,-0.7476,-0.9788,-0.6438
NiPd,-0.8555,0.2628,-1.1385,-0.4824,-0.4777,-0.5608,0.1228,-0.4023,-1.0402,-0.6758,-0.6461,-0.7476,-0.9788,-0.6438
NiPt,-0.503,0.3087,-0.8543,-0.3828,-0.377,-0.5608,0.1228,0.4276,-0.7238,-0.4611,-0.6461,-0.4932,-0.9788,-0.3139
NiRe,-0.1505,-0.1043,1.0339,-0.4806,-0.5784,1.3491,0.1228,1.8206,0.2287,-0.275,-0.6461,0.5247,-0.9788,0.5225
NiRh,-0.1505,0.1251,-0.5938,-0.6289,-0.5784,0.7125,0.1228,0.3209,-0.3706,-0.4181,-0.6461,-0.2387,-0.9788,-0.0037
NiRu,-0.1505,-0.0125,-0.1009,-0.6526,-0.5784,1.9858,0.1228,0.8336,0.5895,-0.2893,-0.6461,0.0158,-0.9788,0.8394
NiS,-0.8555,1.456,0.5126,1.3941,2.1402,0.7125,0.1228,-0.5142,0.1614,3.2612,-2.5891,-0.7476,-0.9788,-0.6438
NiSb,-0.8555,1.3183,-0.1739,1.8493,1.8382,0.0758,0.1228,-0.5142,-0.9146,-0.6186,-0.6461,-0.7476,-0.9788,-0.4815
NiSc,-0.1505,-2.0777,-1.1572,1.0694,-0.5784,-1.1975,0.1228,-0.5142,-0.829,-0.547,-0.6461,1.5426,-0.9788,-0.6438
NiSi,-0.8555,0.9971,-1.2172,0.3179,1.1333,-0.5608,0.1228,-0.5142,1.5192,-0.0173,-1.9977,-0.7476,-0.9788,1.6558
NiSn,-0.8555,1.0889,0.3572,1.364,1.3347,-0.5608,0.1228,-0.5142,-0.273,-0.1747,-0.6461,-0.7476,-0.9788,-0.6438
NiTc,-0.1505,-0.1502,-0.3367,-0.5648,-0.5784,1.3491,0.1228,0.3677,0.1655,-0.4038,-0.6461,0.5247,-0.9788,0.467
NiTi,-0.1505,-0.6091,-0.988,-0.0403,-0.5784,-0.5608,0.1228,-0.1763,-0.833,-0.4468,-0.6461,1.2881,-0.9788,-0.6438
NiTl,-0.8555,0.9053,0.2614,1.616,0.932,-1.1975,0.1228,-0.5142,-0.0323,0.3908,-0.6461,-0.7476,-0.9788,-0.6438
NiV,-0.1505,-0.4714,-0.6657,-0.6109,-0.5784,0.0758,0.1228,-0.024,-0.7778,-0.4324,-0.6461,1.0337,-0.9788,-0.3613
NiW,-0.1505,-0.242,1.3483,-0.3078,-0.5784,0.7125,0.1228,-0.1949,1.6872,-0.1533,-0.6461,0.7792,-0.9788,1.8033
NiZn,-0.8555,0.5841,0.1073,-0.4061,0.2271,-1.1975,0.1228,-0.5142,-0.2664,0.4122,-0.6461,-0.7476,-0.9788,-0.6438
NiZr,-0.1505,-0.5632,-0.739,0.807,-0.5784,-0.5608,0.1228,0.9946,-0.8178,-0.2392,-0.6461,1.2881,-0.9788,-0.3965
PbPb,-0.8555,2.0526,-1.2718,-1.0479,1.4354,-0.5608,0.673,-1.9281,-1.0995,-0.7904,3.4089,-1.2566,4.1701,-1.5365
PbAg,-0.8555,1.3183,-0.4268,0.9486,1.4354,-0.5608,0.673,-1.4129,-0.5773,-0.0817,0.8746,-1.2566,0.6583,-1.078
PbCd,-0.8555,1.5478,-1.2633,0.2707,1.4354,-0.5608,0.673,-1.9281,-0.9846,-0.6472,1.9728,-1.2566,1.8465,-1.4356
PbMo,0.9072,0.63,1.7857,1.1857,1.4354,0.7125,0.673,0.9939,1.5173,0.9276,0.4522,0.0158,0.2622,0.7614
PbNb,1.2597,0.4923,1.5912,0.8092,1.4354,0.0758,0.673,1.7002,0.9188,0.7487,0.7901,0.2703,0.9487,0.2359
PbPd,-0.8555,1.1807,0.3632,1.3064,1.4354,-0.5608,0.673,-0.4023,-0.1421,0.4265,0.7056,-1.2566,0.051,-0.6958
PbZr,1.9648,0.3546,0.7627,0.017,1.4354,-0.5608,0.673,0.9946,0.1988,0.8632,2.0573,0.7792,2.2954,-0.3965
PdPd,-0.8555,0.3087,-1.2718,-1.0479,-0.4777,-0.5608,0.226,-0.4023,-1.0995,-0.7904,0.7056,-1.2566,0.051,-0.6958
PdAg,-0.8555,0.4464,-0.4817,-0.6901,-0.1756,-0.5608,0.226,-0.4023,-0.6642,-0.2821,0.7056,-1.2566,0.051,-0.6958
PdAu,-0.8555,0.4923,-0.6181,-0.7095,-0.075,-0.5608,0.226,-0.4023,-0.7642,-0.6186,0.7056,-1.2566,0.051,-0.6958
PdCd,-0.8555,0.6758,0.3717,-0.0122,0.3278,-0.5608,0.226,-0.4023,-0.257,0.5697,0.7056,-1.2566,0.051,-0.6958
PdCo,0.2021,0.1251,-1.1918,-0.4907,-0.4777,-0.5608,0.226,-0.4023,-1.0563,-0.7045,-0.7305,-0.4932,-0.8996,-0.6958
PdCr,0.9072,-0.2879,-0.803,-0.6558,-0.4777,0.7125,0.226,-0.4023,-0.7586,-0.2964,-0.3082,0.0158,-0.6619,-0.3965
PdCu,-0.8555,0.4005,-0.6454,-0.6162,-0.2763,-0.5608,0.226,-0.4023,-0.8482,-0.4539,-0.6461,-1.2566,-0.7148,-0.6958
PdFe,0.5546,-0.0125,-1.2491,-0.6083,-0.4777,0.7125,0.226,-0.4023,-0.865,-0.7904,-0.7305,-0.2387,-0.7412,-0.6958
PdHf,1.9648,-0.4714,-0.3687,0.0915,-0.4777,-0.5608,0.226,1.4945,-0.2626,-0.368,0.7056,0.7792,0.051,0.0391
PdHg,-0.8555,0.7217,0.8511,0.4441,0.4285,-0.5608,0.226,-0.4023,0.0563,1.8725,0.7056,-1.2566,0.051,-0.6958
PdLa,2.3173,-1.94,-0.4259,2.3884,-0.4777,-0.5608,0.226,-0.3579,-0.2562,-0.3179,0.7056,1.0337,0.051,-0.6958
PdMn,0.9072,-0.1502,-0.8601,-0.6738,-0.4777,1.3491,0.226,-0.4023,-0.793,-0.0817,-0.1392,0.0158,-0.6091,-0.6958
PdMo,0.9072,-0.242,0.1507,-0.9271,-0.4777,0.7125,0.226,0.9939,0.5599,-0.2893,0.4522,0.0158,0.051,0.7614
PdNb,1.2597,-0.3797,-0.0437,-0.5507,-0.4777,0.0758,0.226,1.7002,-0.0386,-0.4682,0.7056,0.2703,0.051,0.2359
PdNi,-0.1505,0.2628,-1.1385,-0.4824,-0.4777,-0.5608,0.226,-0.4023,-1.0402,-0.6758,-0.6461,-0.7476,-0.9788,-0.6438
PdOs,0.5546,0.0793,0.6969,-0.9403,-0.4777,1.9858,0.226,1.2574,2.1897,-0.3108,0.1142,-0.2387,-0.1867,2.1926
PdPt,-0.503,0.3546,-0.9876,-0.9482,-0.377,-0.5608,0.226,0.4276,-0.6646,-0.5756,0.4522,-1.0021,0.051,-0.3139
PdRe,0.9072,-0.0584,0.9007,-1.0461,-0.4777,1.3491,0.226,1.8206,0.2879,-0.3895,0.2832,0.0158,0.051,0.5225
PdRh,-0.1505,0.171,-0.727,-0.9015,-0.4777,0.7125,0.226,0.3209,-0.3114,-0.5327,-0.1392,-0.7476,-0.794,-0.0037
PdRu,0.2021,0.0334,-0.2342,-0.8777,-0.4777,1.9858,0.226,0.8336,0.6487,-0.4038,0.0298,-0.4932,-0.1339,0.8394
PdSc,2.3173,-2.0318,-1.253,0.5039,-0.4777,-0.5608,0.226,-0.4023,-0.8882,-0.6615,0.7056,1.0337,0.051,-0.6958
PdTa,1.6122,-0.3338,0.6756,-0.544,-0.4777,0.0758,0.226,2.0324,0.4871,-0.3967,0.7056,0.5247,0.051,0.6975
PdTc,0.9072,-0.1043,-0.47,-0.9655,-0.4777,1.3491,0.226,0.3677,0.2247,-0.5183,0.1987,0.0158,-0.081,0.467
PdTi,1.9648,-0.5632,-1.1213,-0.6057,-0.4777,-0.5608,0.226,-0.1763,-0.8922,-0.5613,0.7056,0.7792,0.051,-0.6958
PdV,1.6122,-0.4256,-0.799,-0.9194,-0.4777,0.0758,0.226,-0.024,-0.7186,-0.547,0.0298,0.5247,-0.1867,-0.3613
PdW,1.2597,-0.1961,1.215,-0.8733,-0.4777,0.7125,0.226,-0.1949,1.7464,-0.2678,0.1142,0.2703,0.051,1.8033
PdY,2.3173,-1.9859,-1.2331,1.7085,-0.4777,-0.5608,0.226,-0.4023,-0.6714,-0.7546,0.7056,1.0337,0.051,-0.6958
PdZn,-0.8555,0.63,0.2406,-0.9715,0.2271,-0.5608,0.226,-0.4023,-0.3256,0.5268,0.5366,-1.2566,0.051,-0.6958
PdZr,1.9648,-0.5173,-0.8722,0.2416,-0.4777,-0.5608,0.226,0.9946,-0.7586,-0.3537,0.7056,0.7792,0.051,-0.3965
PtPt,-0.503,0.4005,-1.2718,-1.0479,-0.377,-0.5608,-0.0212,0.4276,-1.0995,-0.7904,0.4522,-0.7476,0.1566,-0.3139
PtAg,-0.8555,0.4923,-0.1975,-0.7898,-0.1756,-0.5608,-0.0212,0.4276,-0.2294,-0.0674,0.4522,-1.0021,0.1566,-0.3139
PtAu,-0.8555,0.5382,-0.3339,-0.8091,-0.075,-0.5608,-0.0212,0.4276,-0.3294,-0.4038,0.4522,-1.0021,0.1566,-0.3139
PtCd,-0.8555,0.7217,0.6559,-0.1118,0.3278,-0.5608,-0.0212,0.4276,0.1779,0.7845,0.4522,-1.0021,0.1566,-0.3139
PtCo,-0.503,0.171,-0.9076,-0.391,-0.377,-0.5608,-0.0212,0.4276,-0.6214,-0.4897,-0.7305,-0.2387,-0.8996,-0.3139
PtCr,-0.503,-0.242,-1.0871,-0.5561,-0.377,0.7125,-0.0212,0.4276,-1.0054,-0.5112,-0.3082,0.2703,-0.6619,-0.3139
PtCu,-0.8555,0.4464,-0.3612,-0.5165,-0.2763,-0.5608,-0.0212,0.4276,-0.4134,-0.2392,-0.6461,-1.0021,-0.7148,-0.3139
PtFe,-0.503,0.0334,-0.9649,-0.5086,-0.377,0.7125,-0.0212,0.4276,-0.4302,-0.5756,-0.7305,0.0158,-0.7412,-0.3139
PtHf,-0.503,-0.4256,-0.6529,-0.0082,-0.377,-0.5608,-0.0212,1.4945,-0.6974,-0.5828,0.4522,1.0337,0.1566,0.0391
PtHg,-0.8555,0.7676,1.1353,0.3445,0.4285,-0.5608,-0.0212,0.4276,0.4911,2.0873,0.4522,-1.0021,0.1566,-0.3139
PtIr,-0.503,0.2628,-0.3426,-0.8655,-0.377,-0.5608,-0.0212,0.8039,0.4163,-0.6186,0.1987,-0.2387,-0.1867,1.0172
PtLa,-0.503,-1.8941,-0.1417,2.2888,-0.377,-0.5608,-0.0212,0.4276,0.1787,-0.5327,0.4522,1.2881,0.1566,-0.3139
PtMn,-0.503,-0.1043,-0.5759,-0.5741,-0.377,1.3491,-0.0212,0.4276,-0.3582,0.1331,-0.1392,0.2703,-0.6091,-0.3139
PtMo,-0.503,-0.1961,-0.1334,-1.0268,-0.377,0.7125,-0.0212,0.9939,0.1251,-0.504,0.4522,0.2703,0.1566,0.7614
PtNb,-0.503,-0.3338,-0.3279,-0.6503,-0.377,0.0758,-0.0212,1.7002,-0.4734,-0.683,0.4522,0.5247,0.1566,0.2359
PtNi,-0.503,0.3087,-0.8543,-0.3828,-0.377,-0.5608,-0.0212,0.4276,-0.7238,-0.4611,-0.6461,-0.4932,-0.9788,-0.3139
PtOs,-0.503,0.1251,0.4127,-0.8407,-0.377,1.9858,-0.0212,1.2574,1.7548,-0.5255,0.1142,0.0158,-0.1867,2.1926
PtPd,-0.8555,0.3546,-0.9876,-0.9482,-0.377,-0.5608,-0.0212,0.4276,-0.6646,-0.5756,0.4522,-1.0021,0.051,-0.3139
PtRe,-0.503,-0.0125,0.6165,-0.95,-0.377,1.3491,-0.0212,1.8206,-0.147,-0.6042,0.2832,0.2703,0.051,0.5225
PtRh,-0.503,0.2169,-1.0112,-0.8018,-0.377,0.7125,-0.0212,0.4276,-0.7462,-0.7474,-0.1392,-0.4932,-0.794,-0.0037
PtRu,-0.503,0.0793,-0.5184,-0.7781,-0.377,1.9858,-0.0212,0.8336,0.2139,-0.6186,0.0298,-0.2387,-0.1339,0.8394
PtSc,-0.503,-1.9859,-0.9689,0.4043,-0.377,-0.5608,-0.0212,0.4276,-0.4534,-0.7045,0.4522,1.2881,0.1566,-0.3139
PtTa,-0.503,-0.2879,0.3914,-0.6436,-0.377,0.0758,-0.0212,2.0324,0.0523,-0.6114,0.4522,0.7792,0.1566,0.6975
PtTc,-0.503,-0.0584,-0.7541,-0.8659,-0.377,1.3491,-0.0212,0.4276,-0.2102,-0.7331,0.1987,0.2703,-0.081,0.467
PtTi,-0.503,-0.5173,-1.138,-0.7054,-0.377,-0.5608,-0.0212,0.4276,-0.4574,-0.776,0.4522,1.0337,0.1566,-0.3139
PtV,-0.503,-0.3797,-1.0832,-0.8198,-0.377,0.0758,-0.0212,0.4276,-1.0454,-0.7617,0.0298,0.7792,-0.1867,-0.3139
PtW,-0.503,-0.1502,0.9308,-0.9729,-0.377,0.7125,-0.0212,0.4276,1.3116,-0.4826,0.1142,0.5247,0.1566,1.8033
PtY,-0.503,-1.94,-0.9489,1.6089,-0.377,-0.5608,-0.0212,0.4276,-0.2366,-0.6114,0.4522,1.2881,0.1566,-0.3139
PtZr,-0.503,-0.4714,-1.1564,0.1419,-0.377,-0.5608,-0.0212,0.9946,-1.0054,-0.5684,0.4522,1.0337,0.1566,-0.3139
WW,1.2597,-0.7009,-1.2718,-1.0479,-1.5853,0.7125,-2.1059,-0.1949,-1.0995,-0.7904,0.1142,1.7971,0.3414,1.8033
WAg,-0.8555,-0.0584,2.0051,-0.8647,-0.1756,0.7125,-2.1059,-0.1949,2.1817,0.2404,0.1142,0.2703,0.3414,1.8033
WAl,-0.8555,0.3087,2.4066,-0.9372,0.6299,0.7125,-2.1059,-0.1949,2.2289,0.5411,0.1142,0.2703,0.3414,1.8033
WAs,-0.8555,0.8135,2.1981,-0.1652,1.7375,0.7125,-2.1059,-0.1949,1.1304,-0.0101,-1.5753,0.2703,0.3414,1.8033
WAu,-0.8555,-0.0125,1.8687,-0.8841,-0.075,0.7125,-2.1059,-0.1949,2.0817,-0.096,0.1142,0.2703,0.3414,1.8033
WCa,-0.8555,-2.7201,2.1648,3.0275,-1.5853,0.7125,-2.1059,-0.1949,2.4025,0.4838,0.1142,0.2703,0.3414,1.8033
WCd,-0.8555,0.171,2.8585,-0.1868,0.3278,0.7125,-2.1059,-0.1949,2.5889,1.0923,0.1142,0.2703,0.3414,1.8033
WCo,0.2021,-0.3797,1.295,-0.316,-0.8805,0.7125,-2.1059,-0.1949,1.7896,-0.1819,-0.7305,1.0337,-0.8996,1.8033
WCr,0.9072,-0.7927,0.7462,-0.4811,-1.5853,0.7125,-2.1059,-0.1949,1.4056,-0.7617,-0.3082,1.5426,-0.6619,1.8033
WCu,-0.8555,-0.1043,1.8414,-0.4415,-0.2763,0.7125,-2.1059,-0.1949,1.9977,0.0686,-0.6461,0.2703,-0.7148,1.8033
WFe,0.5546,-0.5173,1.2377,-0.4336,-1.1826,0.7125,-2.1059,-0.1949,1.9808,-0.2678,-0.7305,1.2881,-0.7412,1.8033
WGa,-0.8555,0.3546,3.2465,-0.4832,0.7306,0.7125,-2.1059,-0.1949,2.6389,0.2977,0.0298,0.2703,0.3414,1.8033
WGe,-0.8555,0.5841,2.0364,-0.0241,1.234,0.7125,-2.1059,-0.1949,0.1303,-0.7045,-1.6598,0.2703,0.3414,1.8033
WHf,1.2597,-0.9763,0.312,-0.0832,-1.5853,0.7125,-2.1059,1.4945,0.9095,-0.6901,0.1142,2.306,0.3414,1.8033
WHg,-0.8555,0.2169,3.3379,0.2695,0.4285,0.7125,-2.1059,-0.1949,2.9021,2.3951,0.1142,0.2703,0.3414,1.8033
WIn,-0.8555,0.4005,3.0776,0.4908,0.8313,0.7125,-2.1059,-0.1949,2.8225,1.1853,0.1142,0.2703,0.3414,1.8033
WMg,-0.8555,0.0793,2.4205,0.0603,0.1264,0.7125,-2.1059,-0.1949,2.4073,0.6628,0.1142,0.2703,0.3414,1.8033
WMn,0.9072,-0.655,1.6267,-0.4992,-1.4846,1.3491,-2.1059,-0.1949,2.0529,0.4409,-0.1392,1.5426,-0.6091,1.8033
WMo,0.9072,-0.7468,-0.2075,-0.994,-1.5853,0.7125,-2.1059,0.9939,0.0871,-0.7689,0.1142,1.5426,0.2622,1.8033
WNi,-0.1505,-0.242,1.3483,-0.3078,-0.5784,0.7125,-2.1059,-0.1949,1.6872,-0.1533,-0.6461,0.7792,-0.9788,1.8033
WP,-0.8555,0.7676,3.2273,0.8116,1.6368,0.7125,-2.1059,-0.1949,1.6024,7.9785,-2.6736,0.2703,0.3414,1.8033
WPd,-0.8555,-0.1961,1.215,-0.8733,-0.4777,0.7125,-2.1059,-0.1949,1.7464,-0.2678,0.1142,0.2703,0.051,1.8033
WPt,-0.503,-0.1502,0.9308,-0.9729,-0.377,0.7125,-2.1059,0.4276,1.3116,-0.4826,0.1142,0.5247,0.1566,1.8033
WRh,-0.1505,-0.3338,0.6703,-0.7268,-0.7798,0.7125,-2.1059,0.3209,0.9583,-0.5255,-0.1392,0.7792,-0.794,1.8033
WRu,0.2021,-0.4714,0.1775,-0.7031,-1.0819,1.9858,-2.1059,0.8336,-0.0017,-0.6543,0.0298,1.0337,-0.1339,1.8033
WSc,1.2597,-2.5366,1.2337,0.3293,-1.5853,0.7125,-2.1059,-0.1949,1.9576,-0.3967,0.1142,2.5605,0.3414,1.8033
WSi,-0.8555,0.5382,1.4029,-0.4222,1.1333,0.7125,-2.1059,-0.1949,-0.9314,-0.6543,-1.9977,0.2703,0.3414,1.8033
WSr,-0.8555,-2.6742,2.2514,4.8916,-1.5853,0.7125,-2.1059,-0.1949,2.4913,0.4981,0.1142,0.2703,0.3414,1.8033
WTl,-0.8555,0.4464,2.8814,0.8759,0.932,0.7125,-2.1059,-0.1949,2.7544,1.0278,0.1142,0.2703,0.3414,1.8033
WV,1.2597,-0.9304,0.7422,-0.7448,-1.5853,0.7125,-2.1059,-0.024,1.3656,-0.5112,0.0298,2.0515,-0.1867,1.8033
WY,1.2597,-2.4907,1.2537,1.5339,-1.5853,0.7125,-2.1059,-0.1949,2.1745,-0.3036,0.1142,2.5605,0.3414,1.8033
WZn,-0.8555,0.1251,2.7273,-0.9496,0.2271,0.7125,-2.1059,-0.1949,2.5203,1.0493,0.1142,0.2703,0.1566,1.8033
WZr,1.2597,-1.0221,0.8155,0.0669,-1.5853,0.7125,-2.1059,0.9946,1.4056,-0.7045,0.1142,2.306,0.3414,1.8033
ZrZr,1.9648,-1.3434,-1.2718,-1.0479,-2.2902,-0.5608,-0.7747,0.9946,-1.0995,-0.7904,2.0573,2.815,2.2954,-0.3965
ZrCr,0.9072,-1.1139,-1.2025,0.6337,-1.7867,0.7125,-0.7747,0.9946,-1.0995,-0.7331,-0.3082,2.0515,-0.6619,-0.3965
ZrCu,-0.8555,-0.4256,-0.2458,0.6733,-0.2763,-0.5608,-0.7747,0.9946,-0.5074,-0.0173,-0.6461,0.7792,-0.7148,-0.3965
ZrV,1.6122,-1.2516,-1.1985,0.37,-2.0888,0.0758,-0.7747,0.9946,-1.0595,-0.5971,0.0298,2.5605,-0.1867,-0.3613
ZrZn,-0.8555,-0.1961,0.6401,0.1652,0.2271,-0.5608,-0.7747,0.9946,0.0152,0.9634,0.5366,0.7792,0.1566,-0.3965
ZrMo,0.9072,-1.068,-0.2488,0.1208,-1.686,0.7125,-0.7747,0.9946,0.2191,-0.7259,0.4522,2.0515,0.2622,0.7614
ZrW,1.2597,-1.0221,0.8155,0.0669,-1.5853,0.7125,-0.7747,0.9946,1.4056,-0.7045,0.1142,2.306,0.3414,1.8033
ZrAl,-0.8555,-0.0125,0.3194,-0.0438,0.6299,-0.5608,-0.7747,0.9946,-0.2762,0.4552,0.6211,0.7792,0.5527,-0.3965
ZrAu,-0.8555,-0.3338,-0.2186,-0.0969,-0.075,-0.5608,-0.7747,0.9946,-0.4234,-0.1819,0.7901,0.7792,0.6319,-0.3965
ZrAg,-0.8555,-0.3797,-0.0822,-0.1162,-0.1756,-0.5608,-0.7747,0.9946,-0.3234,0.1545,0.8746,0.7792,0.6583,-0.3965
ZrNb,1.2597,-1.2057,-0.4433,-0.2557,-1.9881,0.0758,-0.7747,1.7002,-0.3794,-0.6758,0.7901,2.306,0.9487,0.2359
ZrTa,1.6122,-1.1598,0.276,-0.2624,-1.8874,0.0758,-0.7747,2.0324,0.1463,-0.7474,0.959,2.5605,0.8167,0.6975
ZrTi,1.9648,-1.3893,-1.0227,-0.2006,-2.2902,-0.5608,-0.7747,0.9946,-0.5514,-0.5828,0.7056,2.815,0.8167,-0.3965
ZrHf,1.9648,-1.2975,-0.7683,-0.8978,-2.1895,-0.5608,-0.7747,1.4945,-0.6034,-0.776,2.0573,2.815,2.0841,0.0391
ZrSn,-0.8555,0.3087,0.89,-0.4909,1.3347,-0.5608,-0.7747,0.9946,0.0087,0.3764,1.8038,0.7792,2.2954,-0.3965
